Compounds,Egap,Egap_fit:,Egap_type:
Ag4F24Sb4,3.3742,5.46142,insulator-direct
Ag4F24Sb4,3.3702,5.45603,insulator-direct
Ag1Te3,0,0,metal
Ag12Au4Se8,0.4342,1.4983,insulator-direct
Ag12Au4Se8,0.4228,1.48293,insulator-direct
Ag12Au4Te8,0.5849,1.70145,insulator-indirect
Ag12Au4Te8,0.58,1.69484,insulator-indirect
Ag12Au4Te8,0.5661,1.6761,insulator-indirect
Ag12Au4Te8,0.578,1.69214,insulator-indirect
Ag12Au4Te8,0.5663,1.67637,insulator-indirect
Ag6Ge6P12Sn4,0.3138,1.336,insulator-indirect
Ag6P12Si6Sn4,0.3779,1.42241,insulator-indirect
Ag10Cd16,0,0,metal
Ag10Zn16,0,0,metal
Ag6Ge10P12,0.5947,1.71466,insulator-indirect
Ag16Ca6,0,0,metal
Ag13Al36Mg32,0,0,metal
Ag30Cl6P8S32,1.7522,3.27497,insulator-indirect
Ag16Ca6N1,0,0,metal
Al4H48N12O60,3.3974,5.4927,insulator-indirect
Al8Li24N16,2.9381,4.87356,insulator-indirect
Al8O72P24,5.6199,8.48863,insulator-direct
Al1,0,0,metal
Al8Ba12O48Si12,3.2937,5.35291,insulator-direct
Al4Ca6F28Na4,7.1142,10.5029,insulator-indirect
Al8Ca12H48O48,4.1147,6.45962,insulator-indirect
Al8Ca12H48O48,4.1138,6.4584,insulator-indirect
Al8Ca12H48O48,4.1429,6.49763,insulator-indirect
Al8Ca12H48O48,4.1044,6.44573,insulator-indirect
Al8Ca12O48Si12,4.9997,7.6526,insulator-direct
Al8Ca12O48Si12,5.0054,7.66028,insulator-direct
Al8Ca12O48Si12,5.0006,7.65381,insulator-direct
Al8Ca12O48Si12,4.9977,7.6499,insulator-direct
Al8Ca12O48Si12,4.9977,7.6499,insulator-direct
Al8Ca12O48Si12,4.9986,7.65111,insulator-direct
Al8Ca12O48Si12,4.9988,7.65138,insulator-direct
Al8Ca12O48Si12,5.0009,7.65421,insulator-direct
Al8Ca12O48Si12,4.999,7.65165,insulator-direct
Al8Ca12O48Si12,4.9999,7.65287,insulator-direct
Al8Ca12O48Si12,4.9993,7.65206,insulator-direct
Al8Ca12O48Si12,4.9953,7.64666,insulator-direct
Al8Ca12O48Si12,4.9994,7.65219,insulator-direct
Al8Ca12O48Si12,4.9982,7.65057,insulator-direct
Al8Ca12O48Si12,4.9952,7.64653,insulator-direct
Al8Ca12O48Si12,4.9971,7.64909,insulator-direct
Al8Ca12O48Si12,5.0001,7.65313,insulator-direct
Al8Ca12O48Si12,4.9985,7.65098,insulator-direct
Al8Ca12O48Si12,4.9985,7.65098,insulator-direct
Al8Ca12O48Si12,4.9987,7.65125,insulator-direct
Al8Ca12O48Si12,4.9996,7.65246,insulator-direct
Al8Ca12O48Si12,4.9997,7.6526,insulator-direct
Al8Ca12O48Si12,4.9997,7.6526,insulator-direct
Al8Ca12O48Si12,5,7.653,insulator-direct
Al8Ca12O48Si12,4.9998,7.65273,insulator-direct
Al8Ca12O48Si12,4.9989,7.65152,insulator-direct
Al8Ca12O48Si12,4.9996,7.65246,insulator-direct
Al8Ca12O48Si12,5.0018,7.65543,insulator-direct
Al8Ca12O48Si12,4.9987,7.65125,insulator-direct
Al8Ca12O48Si12,4.9991,7.65179,insulator-direct
Al8Ca12O48Si12,4.9993,7.65206,insulator-direct
Al8Ca12O48Si12,4.9996,7.65246,insulator-direct
Al8Cd12O48Si12,3.0603,5.03828,insulator-indirect
Al8Co12O48Si12,3.8364,6.08447,insulator-indirect
Al8Co12O48Si12,3.8365,6.0846,insulator-indirect
Al8Co12O48Si12,3.8361,6.08406,insulator-indirect
Al8Co12O48Si12,3.8367,6.08487,insulator-indirect
Al8Co12O48Si12,3.8371,6.08541,insulator-indirect
Al8Co12O48Si12,3.8365,6.0846,insulator-indirect
Al8Co12O48Si12,3.8363,6.08433,insulator-indirect
Al8Co12O48Si12,3.8358,6.08366,insulator-indirect
Al8Co12O48Si12,3.8369,6.08514,insulator-indirect
Al8Co12O48Si12,3.8364,6.08447,insulator-indirect
Al8Co12O48Si12,3.8368,6.08501,insulator-indirect
Al8Co12O48Si12,3.8361,6.08406,insulator-indirect
Al8Co12O48Si12,3.8363,6.08433,insulator-indirect
Al8Co12O48Si12,3.8363,6.08433,insulator-indirect
Al4Dy6H18Ni12,0,0,metal
Al4Dy6Ni12,0,0,metal
Al4Dy6Ni12,0,0,metal
Al4Er6H14Ni12,0,0,metal
Al4Er6Ni12,0,0,metal
Al4Er6Ni12,0,0,metal
Al8F48Li12Na12,7.0858,10.4647,insulator-direct
Al8F48Li12Na12,7.0922,10.4733,insulator-direct
Al8F48Li12Na12,7.09,10.4703,insulator-direct
Al8Fe12O48Si12,3.3247,5.3947,insulator-indirect_spin-polarized
Al8Fe12O48Si12,3.3255,5.39577,insulator-indirect_spin-polarized
Al8Fe12O48Si12,3.3262,5.39672,insulator-indirect_spin-polarized
Al8Fe12O48Si12,3.325,5.3951,insulator-indirect_spin-polarized
Al8Fe12O48Si12,3.3246,5.39456,insulator-indirect_spin-polarized
Al8Fe12O48Si12,3.3233,5.39281,insulator-indirect_spin-polarized
Al8Fe12O48Si12,3.325,5.3951,insulator-indirect_spin-polarized
Al8Fe12O48Si12,3.3258,5.39618,insulator-indirect_spin-polarized
Al8Fe12O48Si12,3.3267,5.39739,insulator-indirect_spin-polarized
Al8Fe12O48Si12,3.3268,5.39753,insulator-indirect_spin-polarized
Al8Fe12O48Si12,3.3246,5.39456,insulator-indirect_spin-polarized
Al8Fe12O48Si12,3.3232,5.39267,insulator-indirect_spin-polarized
Al8Fe12O48Si12,3.3227,5.392,insulator-indirect_spin-polarized
Al8Fe12O48Si12,3.3219,5.39092,insulator-indirect_spin-polarized
Al8Fe12O48Si12,3.3245,5.39443,insulator-indirect_spin-polarized
Al8Fe12O48Si12,3.3185,5.38634,insulator-indirect_spin-polarized
Al4H18Ni12Y6,0,0,metal
Al8H48O48Sr12,3.8815,6.14526,insulator-indirect
Al4Ho6Ni12,0,0,metal
Al4La10Ru6,0,0,metal
Al8Mg12O48Si12,4.9473,7.58196,insulator-indirect
Al8Mg12O48Si12,4.9459,7.58007,insulator-indirect
Al8Mg12O48Si12,4.9447,7.57846,insulator-indirect
Al8Mg12O48Si12,4.9479,7.58277,insulator-indirect
Al8Mg12O48Si12,4.9464,7.58075,insulator-indirect
Al8Mg12O48Si12,4.9451,7.57899,insulator-indirect
Al8Mg12O48Si12,4.9519,7.58816,insulator-indirect
Al8Mg12O48Si12,4.9484,7.58344,insulator-indirect
Al8Mg12O48Si12,4.9495,7.58493,insulator-indirect
Al8Mg12O48Si12,4.9462,7.58048,insulator-indirect
Al8Mg12O48Si12,4.9459,7.58007,insulator-indirect
Al8Mg12O48Si12,4.9479,7.58277,insulator-indirect
Al8Mg12O48Si12,4.945,7.57886,insulator-indirect
Al8Mg12O48Si12,4.9463,7.58061,insulator-indirect
Al8Mg12O48Si12,4.9463,7.58061,insulator-indirect
Al8Mg12O48Si12,4.9476,7.58236,insulator-indirect
Al8Mg12O48Si12,4.9473,7.58196,insulator-indirect
Al8Mg12O48Si12,4.9467,7.58115,insulator-indirect
Al8Mg12O48Si12,4.9458,7.57994,insulator-indirect
Al8Mg12O48Si12,4.946,7.58021,insulator-indirect
Al8Mg12O48Si12,4.9455,7.57953,insulator-indirect
Al8Mg12O48Si12,4.9458,7.57994,insulator-indirect
Al8Mg12O48Si12,4.9448,7.57859,insulator-indirect
Al8Mg12O48Si12,4.946,7.58021,insulator-indirect
Al8Mg12O48Si12,4.9468,7.58129,insulator-indirect
Al8Mg12O48Si12,4.945,7.57886,insulator-indirect
Al8Mg12O48Si12,4.9464,7.58075,insulator-indirect
Al8Mg12O48Si12,4.9464,7.58075,insulator-indirect
Al8Mg12O48Si12,4.946,7.58021,insulator-indirect
Al8Mg12O48Si12,4.9453,7.57926,insulator-indirect
Al8Mg12O48Si12,4.9466,7.58102,insulator-indirect
Al8Mg12O48Si12,4.9443,7.57792,insulator-indirect
Al8Mg12O48Si12,4.9463,7.58061,insulator-indirect
Al8Mg12O48Si12,4.9476,7.58236,insulator-indirect
Al8Mg12O48Si12,4.9461,7.58034,insulator-indirect
Al8Mg12O48Si12,4.9471,7.58169,insulator-indirect
Al8Mg12O48Si12,4.9463,7.58061,insulator-indirect
Al8Mg12O48Si12,4.9474,7.5821,insulator-indirect
Al8Mg12O48Si12,4.9468,7.58129,insulator-indirect
Al8Mg12O48Si12,4.9479,7.58277,insulator-indirect
Al8Mg12O48Si12,4.9486,7.58371,insulator-indirect
Al8Mg12O48Si12,4.9462,7.58048,insulator-indirect
Al8Mg12O48Si12,4.9458,7.57994,insulator-indirect
Al8Mg12O48Si12,4.9453,7.57926,insulator-indirect
Al8Mg12O48Si12,4.9457,7.5798,insulator-indirect
Al8Mg12O48Si12,4.9474,7.5821,insulator-indirect
Al8Mg12O48Si12,4.9442,7.57778,insulator-indirect
Al8Mg12O48Si12,4.9466,7.58102,insulator-indirect
Al8Mg12O48Si12,4.9483,7.58331,insulator-indirect
Al8Mg12O48Si12,4.9486,7.58371,insulator-indirect
Al8Mg12O48Si12,4.9485,7.58358,insulator-indirect
Al8Mn12O48Si12,3.5733,5.72981,insulator-indirect
Al8Mn12O48Si12,3.5781,5.73628,insulator-indirect
Al8Mn12O48Si12,3.574,5.73075,insulator-indirect
Al8Mn12O48Si12,3.5753,5.7325,insulator-indirect
Al8Mn12O48Si12,3.575,5.7321,insulator-indirect
Al8Mn12O48Si12,3.574,5.73075,insulator-indirect
Al8Mn12O48Si12,3.5752,5.73237,insulator-indirect
Al8Mn12O48Si12,3.5752,5.73237,insulator-indirect
Al8Mn12O48Si12,3.5757,5.73304,insulator-indirect
Al8Mn12O48Si12,3.5765,5.73412,insulator-indirect
Al8Mn12O48Si12,3.574,5.73075,insulator-indirect
Al8Mn12O48Si12,3.5745,5.73143,insulator-indirect
Al8Mn12O48Si12,3.5757,5.73304,insulator-indirect
Al8Mn12O48Si12,3.5744,5.73129,insulator-indirect
Al8Mn12O48Si12,3.576,5.73345,insulator-indirect
Al8Mn12O48Si12,3.5737,5.73035,insulator-indirect
Al8Mn12O48Si12,3.574,5.73075,insulator-indirect
Al8Mn12O48Si12,3.5736,5.73021,insulator-indirect
Al8Mn12O48Si12,3.5743,5.73116,insulator-indirect
Al8Mn12O48Si12,3.5781,5.73628,insulator-indirect
Al8Mn12O48Si12,3.5735,5.73008,insulator-indirect
Al8Mn12O48Si12,3.575,5.7321,insulator-indirect
Al8Mn12O48Si12,3.5722,5.72833,insulator-indirect
Al8Mn12O48Si12,3.5781,5.73628,insulator-indirect
Al4Ni12Tb6,0,0,metal
Al4Ni12Y6,0,0,metal
Al4Ni12Y6,0,0,metal
Al4Ni12Y6,0,0,metal
Al8O48Si12Sr12,4.4379,6.89529,insulator-direct
Al12Cu8Ni12Zr48,0,0,metal
Al6Li24Si8,0,0,metal
Al12O48Sc8Y12,4.2689,6.66748,insulator-direct
Al32Ni24,0,0,metal
Al20Er12O48,4.7584,7.32732,insulator-direct
Al20Er12O48,4.7586,7.32759,insulator-direct
Al20Er12O48,4.7608,7.33056,insulator-direct
Al20Er12O48,4.7595,7.32881,insulator-direct
Al20Eu12O48,0.7361,1.90526,insulator-direct
Al20Gd12O48,4.1126,6.45678,insulator-direct_spin-polarized
Al20Ho12O48,4.6671,7.20425,insulator-direct
Al20Lu12O48,5.077,7.7568,insulator-direct
Al20O48Tb12,4.4742,6.94422,insulator-direct
Al20O48Y12,4.4957,6.9732,insulator-direct
Al20O48Y12,4.4969,6.97482,insulator-direct
Al20O48Y12,4.496,6.97361,insulator-direct
Al20O48Y12,4.4963,6.97401,insulator-direct
Al20O48Y12,4.4951,6.97239,insulator-direct
Al20O48Y12,4.4951,6.97239,insulator-direct
Al20O48Y12,4.4976,6.97576,insulator-direct
Al20O48Y12,4.4955,6.97293,insulator-direct
Al20O48Y12,4.4956,6.97307,insulator-direct
Al20O48Y12,4.4956,6.97307,insulator-direct
Al20O48Y12,4.4958,6.97334,insulator-direct
Al20O48Y12,4.4946,6.97172,insulator-direct
Al20O48Y12,4.4948,6.97199,insulator-direct
Al20O48Y12,4.4967,6.97455,insulator-direct
Al20O48Yb12,0.6174,1.74526,insulator-direct
Al20O48Yb12,0.6225,1.75213,insulator-direct
Al20O48Yb12,0.6187,1.74701,insulator-direct
Al20O48Yb12,0.6153,1.74242,insulator-direct
Al5Re24,0,0,metal
Al6Ca4O13,3.6418,5.82215,insulator-indirect
Al6Ca4O13,3.9459,6.23207,insulator-indirect
Al6Ca4O16S1,4.6736,7.21301,insulator-indirect
Al6Ca4O16W1,3.9742,6.27022,insulator-direct
Al6O16S1Sr4,4.385,6.82398,insulator-indirect
Al6O16Sr4W1,3.6101,5.77941,insulator-direct
Al16Fe10,0,0,metal
Al16Fe10,0,0,metal
Al16Fe10,0,0,metal
Al6Ca4O12S1,3.7202,5.92783,insulator-direct
Al6Ca4O12Te1,3.1259,5.12671,insulator-indirect
Al6Cd4O12S1,2.7932,4.67823,insulator-indirect
Al6Cd4O12Te1,2.6487,4.48345,insulator-indirect
Al12Mg17,0,0,metal
Al12Mg17,0,0,metal
Al12Mg17,0,0,metal
Al12Mn1,0,0,metal
Al12Mo1,0,0,metal
Al12Mo1,0,0,metal
Al12Mo1,0,0,metal
Al6O12S1Sr4,3.3438,5.42044,insulator-indirect
Al6O12Sr4Te1,2.8283,4.72555,insulator-indirect
Al12Re1,0,0,metal
Al12Re1,0,0,metal
Al12Ta17,0,0,metal
Al12Tc1,0,0,metal
Al12Tc1,0,0,metal
Al12W1,0,0,metal
Al14Ca12O32,0,0,metal
Al14Ca12O32,0,0,metal
Al14Ca12O32,0,0,metal
Al14Mg13,0,0,metal
As8Cu24,0,0,metal
As8Cu24,0,0,metal
As8Cu24,0,0,metal
As1H36Li3N12Se4,1.7024,3.20784,insulator-indirect
As4I12La12,0,0,metal
As16Mg24,1.4442,2.85978,insulator-direct
As16Mg24,1.4378,2.85115,insulator-direct
As16Mg24,1.4399,2.85399,insulator-direct
As16Zn24,0.1506,1.11601,insulator-indirect
As16Zn24,0.1546,1.1214,insulator-indirect
As6Ce8,0,0,metal
As6Ce8,0,0,metal
As12Co4,0,0,metal
As12Co4,0,0,metal
As12Co4,0,0,metal
As12Co4,0,0,metal
As12Co4,0,0,metal
As12Co4,0,0,metal
As12Co4,0,0,metal
As12Co4,0,0,metal
As12Cr8Na12O48,0,0,metal
As6Eu8,0,0,metal
As6Eu8,0,0,metal
As12Ir4,0,0,metal
As12Ir4,0,0,metal
As12Ir4,0,0,metal
As6La8,0,0,metal
As6Pr8,0,0,metal
As6Pr8,0,0,metal
As12Rh4,0,0,metal
As12Rh4,0,0,metal
As6Ti8,0,0,metal
As6Yb8,0,0,metal
As6Yb8,0,0,metal
As4Cu12S12,0,0,metal
As4Cu12S13,0,0,metal
As8Pa6,0,0,metal
As8Pa6,0,0,metal
As8Th6,0.0924,1.03756,insulator-indirect
As8Th6,0.0925,1.03769,insulator-indirect
As8Th6,0.0924,1.03756,insulator-indirect
As8U6,0,0,metal
As8U6,0,0,metal
As8U6,0,0,metal
As8U6,0,0,metal
As6Ir7Mg4,0,0,metal
As6Mg4Rh7,0,0,metal
As6Rh7Yb4,0,0,metal
As6Ru7U4,0,0,metal
As14Re6,0,0,metal
As14Re6,0,0,metal
As14Re6,0,0,metal
As14Re6,0,0,metal
As12Ce1Fe4,0.1511,1.11668,insulator-indirect
As12Ce1Os4,0,0,metal
As12Ce1Ru4,0.1377,1.09862,insulator-indirect
As12Fe4La1,0,0,metal
As12Fe4La1,0,0,metal
As12La1Os4,0,0,metal
As12La1Ru4,0,0,metal
As12Nd1Os4,0,0,metal
As12Os4Pr1,0,0,metal
As12Os4Th1,0.0827,1.02448,insulator-indirect
As12Pr1Ru4,0,0,metal
Au1Sb3,0,0,metal
Au6Dy6Sb8,0.4624,1.53632,insulator-indirect
Au6Er6Sb8,0.4738,1.55168,insulator-indirect
Au6Gd6Sb8,0.2745,1.28303,insulator-indirect_spin-polarized
Au6Ho6Sb8,0.4628,1.53685,insulator-indirect
Au6La6Sb8,0.3921,1.44155,insulator-indirect
Au6Lu6Sb8,0.475,1.5533,insulator-indirect
Au6Nd6Sb8,0,0,metal
Au6Pr6Sb8,0,0,metal
Au6Sb8Sm6,0,0,metal
Au6Sb8Tb6,0.4553,1.52674,insulator-indirect
Au6Sb8Y6,0.4792,1.55896,insulator-indirect
Au6Sn8U6,0,0,half-metal
Au8Li30,0,0,metal
Au10Cd16,0,0,metal
B12Ba24Cl12N24,2.75,4.62,insulator-indirect
B4H40Li16N12,3.5944,5.75825,insulator-indirect
B4H40Li16N12,3.6131,5.78346,insulator-indirect
B4H40Li16N12,3.5828,5.74261,insulator-indirect
B4H40Li16N12,3.5935,5.75704,insulator-indirect
B4H40Li16N12,3.574,5.73075,insulator-indirect
B3N6Na1Sr4,1.9733,3.57301,insulator-indirect
B3Ba4N6Na1,2.0496,3.67586,insulator-indirect
B3Ca4Li1N6,2.1952,3.87213,insulator-indirect
B3Ca4Li1N6,2.1958,3.87294,insulator-indirect
B3Eu4Li1N6,0.5511,1.65588,insulator-indirect
B3Li1N6Sr4,2.0763,3.71185,insulator-indirect
B3N6Na1Sr4,1.9698,3.56829,insulator-indirect
B6Co4O13,3.7277,5.93794,insulator-indirect_spin-polarized
B6O13Zn4,4.0414,6.36081,insulator-indirect
B6O13Zn4,4.0432,6.36323,insulator-indirect
B6O13Zn4,4.0422,6.36189,insulator-indirect
B6O13Zn4,4.0399,6.35879,insulator-indirect
B6O13Zn4,4.041,6.36027,insulator-indirect
B6O13Zn4,4.0383,6.35663,insulator-indirect
B6O12Se1Zn4,4.9395,7.57145,insulator-direct
B16Ir19Mg10,0,0,metal
Ba1Fe4Sb12,0,0,metal
Ba1Ge12Pt4,0,0,metal
Ba1Ge12Pt4,0,0,metal
Ba1Ge12Pt4,0,0,metal
Ba1Mn28,0,0,metal
Ba1Os4Sb12,0,0,metal
Ba1Ru4Sb12,0,0,metal
Ba1Ru4Sb12,0,0,metal
Ba1,0,0,metal
Ba1,0,0,metal
Ba1,0,0,metal
Ba1,0,0,metal
Ba1,0,0,metal
Ba1,0,0,metal
Ba1,0,0,metal
Ba1,0,0,metal
Ba4C6Cs4O18,4.3456,6.77087,insulator-indirect
Ba4Ir6O18,0,0,half-metal
Ba1K4O12U3,2.8745,4.78783,insulator-indirect
Ba6Br4Fe4O10,2.1974,3.8751,insulator-indirect_spin-polarized
Ba6Cl4Fe4O10,2.2239,3.91082,insulator-indirect_spin-polarized
Ba8Bi6,0,0,metal
Ba4Cl1O18Os6,0,0,metal
Ba4Na1O12Sb3,1.5144,2.95441,insulator-indirect
Ba4Na1O12Sb3,1.5161,2.9567,insulator-indirect
Ba6C60,0.1743,1.14796,insulator-indirect
Ba6N1Na16,0,0,metal
Be24Cl48,6.6506,9.87801,insulator-indirect
Be6Cl12,6.5855,9.79025,insulator-indirect
Be6F12,8.0374,11.7474,insulator-indirect
Be1,0,0,metal
Be12Ca12F8Li8O48Si12,5.7353,8.64418,insulator-indirect
Be24N16,3.316,5.38297,insulator-direct
Be24N16,3.3149,5.38149,insulator-direct
Be24P16,0.8869,2.10854,insulator-direct
Be24Ru16,0,0,metal
Be68Os12,0,0,metal
Be68Ru12,0,0,metal
Bi4F24K4,2.9088,4.83406,insulator-indirect
Bi4K12O12,2.996,4.95161,insulator-direct
Bi4Na12O12,2.9059,4.83015,insulator-direct
Bi1,0,0,metal
Bi4Ni6S4,0,0,metal
Bi12O18,1.7808,3.31352,insulator-indirect
Bi16O24,1.8636,3.42513,insulator-direct
Bi4Pd6S4,0,0,metal
Bi4Pd6S4,0,0,metal
Bi6Ce8,0,0,metal
Bi6Ce8,0,0,metal
Bi6Eu8,0,0,metal
Bi6Eu8,0,0,metal
Bi6Eu8,0,0,metal
Bi6Gd8,0,0,half-metal
Bi6Gd8,0,0,half-metal
Bi6La8,0,0,metal
Bi6La8,0,0,metal
Bi6La8,0,0,metal
Bi6Nd8,0,0,metal
Bi6Nd8,0,0,metal
Bi12O32Re4,2.7157,4.57376,insulator-indirect
Bi12O32Re4,2.743,4.61056,insulator-indirect
Bi12O32Re4,2.7415,4.60854,insulator-indirect
Bi6Pr8,0,0,metal
Bi6Sr8,0,0,metal
Bi6Tb8,0,0,metal
Bi6Yb8,0,0,metal
Bi6Yb8,0,0,metal
Bi6Yb8,0,0,metal
Bi8Ce6Pd6,0.2811,1.29192,insulator-indirect
Bi8Ce6Pt6,0.332,1.36054,insulator-indirect
Bi8Cu6La6,0.1759,1.15011,insulator-indirect
Bi8Ge6O24,3.4662,5.58544,insulator-indirect
Bi8Ge6O24,3.4596,5.57654,insulator-indirect
Bi8Ge6O24,3.4604,5.57762,insulator-indirect
Bi8Ge6O24,3.4614,5.57897,insulator-indirect
Bi8Ge6O24,3.4671,5.58665,insulator-indirect
Bi8Ge6O24,3.4743,5.59636,insulator-indirect
Bi8Ge6O24,3.469,5.58921,insulator-indirect
Bi8Ge6O24,3.4878,5.61455,insulator-indirect
Bi8La6Pt6,0,0,metal
Bi8O24Si6,3.9242,6.20282,insulator-indirect
Bi8O24Si6,3.9208,6.19824,insulator-indirect
Bi8O24Si6,3.9128,6.18745,insulator-indirect
Bi8O24Si6,3.9013,6.17195,insulator-indirect
Bi8O24Si6,3.9172,6.19339,insulator-indirect
Bi8O24Si6,3.9056,6.17775,insulator-indirect
Bi8O24Si6,3.9056,6.17775,insulator-indirect
Bi48Rh12,0,0,metal
Bi8Th6,0,0,metal
Bi8Th6,0,0,metal
Bi8U6,0,0,metal
Bi8U6,0,0,metal
Bi8U6,0,0,metal
Bi12Ge1O20,2.4461,4.21034,insulator-indirect
Bi12Ge1O20,2.4426,4.20562,insulator-indirect
Bi12Ge1O20,2.4482,4.21317,insulator-indirect
Bi12Mn1O20,0,0,half-metal
Bi12O20Si1,2.4134,4.16626,insulator-indirect
Bi12O20Si1,2.4114,4.16357,insulator-indirect
Bi12O20Si1,2.4129,4.16559,insulator-indirect
Bi12O20Si1,2.421,4.17651,insulator-indirect
Bi12O20Si1,2.4164,4.17031,insulator-indirect
Bi12O20Si1,2.4187,4.17341,insulator-indirect
Bi12O20Si1,2.4162,4.17004,insulator-indirect
Bi12O20Si1,2.4185,4.17314,insulator-indirect
Bi12O20Si1,2.4246,4.18136,insulator-indirect
Bi12O20Si1,2.4208,4.17624,insulator-indirect
Bi12O20Si1,2.4188,4.17354,insulator-indirect
Bi12O20Si1,2.4093,4.16074,insulator-indirect
Bi12O20Ti1,2.3863,4.12973,insulator-indirect
Bi12O20Ti1,2.3919,4.13728,insulator-indirect
Bi12O20Zn1,0,0,metal
Bi12Ge1O20,2.4415,4.20414,insulator-indirect
Bi12Mn1O20,0,0,half-metal
Bi12O20Pb1,1.7391,3.25731,insulator-indirect
Bi12O20Si1,2.4215,4.17718,insulator-indirect
Bi12O20Si1,2.4132,4.16599,insulator-indirect
Bi12O20Ti1,2.3933,4.13917,insulator-indirect
Br4Hg6Te4,1.7328,3.24881,insulator-indirect
Br12La12Si4,0,0,metal
Br12Si4Tb12,0,0,metal
Br15Co1Th6,0.7006,1.85741,insulator-direct
Br15Fe1Th6,0,0,metal
C4Cl12Gd12,0,0,metal
C1Co12Ge4U6,0,0,metal
C4H4,4.9527,7.58924,insulator-indirect
C8,2.4492,4.21452,insulator-direct
C8,2.4499,4.21547,insulator-direct
C8,2.4527,4.21924,insulator-direct
C8,2.4526,4.2191,insulator-direct
C4,0,0,metal
C4,0,0,metal
C12Ce8,0,0,metal
C12Ce8,0,0,metal
C12Ce8,0,0,metal
C12Ce8,0,0,metal
C6Cs4O18Sr4,4.5844,7.09277,insulator-indirect
C12Dy8,0,0,metal
C12Dy8,0,0,metal
C12Dy8,0,0,metal
C12Er8,0,0,metal
C12Gd8,0,0,metal
C12Gd8,0,0,metal
C12Ho8,0,0,metal
C12Ho8,0,0,metal
C12Ho8,0,0,metal
C12La8,0,0,metal
C12La8,0,0,metal
C12La8,0,0,metal
C12La8,0,0,metal
C12La8,0,0,metal
C12La8,0,0,metal
C12La8,0,0,metal
C12La8,0,0,metal
C12La8,0,0,metal
C12La8,0,0,metal
C12Lu8,0,0,metal
C12Lu8,0,0,metal
C6N8,2.891,4.81007,insulator-indirect
C6N8,2.8947,4.81506,insulator-indirect
C12Nd8,0,0,metal
C12Nd8,0,0,metal
C12Nd8,0,0,metal
C6O18Rb4Sr4,4.472,6.94126,insulator-indirect
C12Pr8,0,0,metal
C12Pr8,0,0,metal
C12Pu8,0,0,metal
C12Pu8,0,0,metal
C12Pu8,0,0,metal
C12Pu8,0,0,metal
C12Pu8,0,0,metal
C12Pu8,0,0,metal
C12Sc8,0,0,metal
C6Sc8,0.6658,1.8105,insulator-direct
C12Tb8,0,0,metal
C12Tb8,0,0,metal
C12Th8,0,0,metal
C12U8,0,0,metal
C12U8,0,0,metal
C12U8,0,0,metal
C12U8,0,0,metal
C12U8,0,0,metal
C12U8,0,0,metal
C12U8,0,0,metal
C12U8,0,0,metal
C12U8,0,0,metal
C12Y8,0,0,metal
C12Y8,0,0,metal
C12Y8,0,0,metal
C12Y8,0,0,metal
C12Y8,0,0,metal
C12Yb8,0,0,metal
C6Er11Ni60,0,0,metal
C14Ir6,0,0,metal
C8,3.006,4.96509,insulator-indirect
C8,2.4528,4.21937,insulator-direct
C60Cs6,0.7461,1.91874,insulator-indirect
C12Cl12N12O4P4S12Sb4,3.313,5.37892,insulator-indirect
C12O12Ru4Se4,2.1882,3.86269,insulator-indirect
C18Er10Mn13,0,0,metal
C18Ho10Mn13,0,0,metal
C18Mn13Tb10,0,0,metal
C18Mn13Y10,0,0,half-metal
C18Ru12Th11,0,0,metal
C18Ru12Th11,0,0,metal
C60Cs6,0.7466,1.91942,insulator-indirect
C60Eu6,0,0,metal
C60K6,0.5895,1.70765,insulator-indirect
C60Rb6,0.6934,1.8477,insulator-indirect
C60Sr6,0,0,metal
Ca1Co4Cu3O12,0,0,half-metal
Ca1Cu3Ge4O12,1.7244,3.23749,insulator-indirect
Ca1Cu3Ge4O12,1.7149,3.22469,insulator-indirect
Ca1Cu3Mn4O12,0,0,metal
Ca1Cu3Mn4O12,0,0,metal
Ca1Cu3O12Pt4,0.6152,1.74229,insulator-direct
Ca1Cu3O12Ru4,0,0,half-metal
Ca1Cu3O12Ru4,0,0,half-metal
Ca1Cu3O12Ru4,0,0,half-metal
Ca1Cu3O12Sn4,0.7126,1.87358,insulator-direct
Ca1Cu3O12Sn4,0.7129,1.87399,insulator-direct
Ca1Cu3O12Ti4,0,0,metal
Ca1Cu3O12Ti4,1.2234,2.56214,insulator-indirect_spin-polarized
Ca1Cu3O12Ti4,1.2237,2.56255,insulator-indirect_spin-polarized
Ca1Cu3O12Ti4,1.2232,2.56187,insulator-indirect_spin-polarized
Ca1Cu3O12Ti4,1.2245,2.56363,insulator-indirect_spin-polarized
Ca1Cu3O12Ti4,1.2231,2.56174,insulator-indirect_spin-polarized
Ca1Cu3O12Ti4,1.2241,2.56309,insulator-indirect_spin-polarized
Ca1Cu3O12Ti4,1.2233,2.56201,insulator-indirect_spin-polarized
Ca1Cu3O12Ti4,1.2232,2.56187,insulator-indirect_spin-polarized
Ca1Cu3O12Ti4,1.2233,2.56201,insulator-indirect_spin-polarized
Ca1Cu3O12Ti4,1.2236,2.56241,insulator-indirect_spin-polarized
Ca1Cu3O12Ti4,1.2235,2.56228,insulator-indirect_spin-polarized
Ca1Cu3O12Ti4,1.224,2.56295,insulator-indirect_spin-polarized
Ca1Cu3O12Ti4,1.2232,2.56187,insulator-indirect_spin-polarized
Ca1Cu3O12Ti4,1.2233,2.56201,insulator-indirect_spin-polarized
Ca1Cu3O12V4,0,0,half-metal
Ca1Fe3O12Ti4,2.0071,3.61857,insulator-direct_spin-polarized
Ca1Fe4Sb12,0,0,metal
Ca1Mn28,0,0,metal
Ca1Na10Sn12,0.6638,1.8078,insulator-indirect
Ca4O12Si4,3.5628,5.71565,insulator-indirect
Ca4O12Si4,3.5901,5.75245,insulator-indirect
Ca4O12Si4,3.593,5.75636,insulator-indirect
Ca4O12Si4,3.5782,5.73641,insulator-indirect
Ca4O12Si4,3.5587,5.71013,insulator-indirect
Ca4O12Si4,3.5438,5.69004,insulator-indirect
Ca4O12Si4,3.5205,5.65863,insulator-indirect
Ca4O12Si4,3.5147,5.65082,insulator-indirect
Ca1,0,0,metal
Ca1,0,0,metal
Ca1,0,0,metal
Ca1,0,0,metal
Ca1,0,0,metal
Ca1,0,0,metal
Ca1K4O12U3,2.9341,4.86817,insulator-indirect
Ca12Cr8O48Si12,3.1646,5.17888,insulator-direct
Ca12Cr8O48Si12,3.1644,5.17861,insulator-direct
Ca12Cr8O48Si12,3.1661,5.1809,insulator-direct
Ca12Cr8O48Si12,3.1634,5.17726,insulator-direct
Ca12Cr8O48Si12,3.165,5.17942,insulator-direct
Ca12Fe8Ge12O48,2.1651,3.83155,insulator-direct_spin-polarized
Ca12Fe8Ge12O48,2.1655,3.83209,insulator-direct_spin-polarized
Ca12Fe8O48Si12,2.3961,4.14294,insulator-direct_spin-polarized
Ca12Fe8O48Si12,2.3959,4.14267,insulator-direct_spin-polarized
Ca12Fe8O48Si12,2.3956,4.14227,insulator-direct_spin-polarized
Ca12Fe8O48Si12,2.3955,4.14213,insulator-direct_spin-polarized
Ca12Fe8O48Si12,2.3971,4.14429,insulator-direct_spin-polarized
Ca12Fe8O48Si12,2.3951,4.14159,insulator-direct_spin-polarized
Ca12Fe8O48Si12,2.3956,4.14227,insulator-direct_spin-polarized
Ca12Fe8O48Si12,2.3956,4.14227,insulator-direct_spin-polarized
Ca12Fe8O48Si12,2.3947,4.14106,insulator-direct_spin-polarized
Ca12Fe8O48Si12,2.3953,4.14186,insulator-direct_spin-polarized
Ca12Fe8O48Si12,2.3953,4.14186,insulator-direct_spin-polarized
Ca12Fe8O48Si12,2.3975,4.14483,insulator-direct_spin-polarized
Ca12Fe8O48Si12,2.3953,4.14186,insulator-direct_spin-polarized
Ca12Fe8O48Si12,2.3954,4.142,insulator-direct_spin-polarized
Ca12Fe8O48Si12,2.3959,4.14267,insulator-direct_spin-polarized
Ca12Fe8O48Si12,2.3948,4.14119,insulator-direct_spin-polarized
Ca12Fe8O48Si12,2.3957,4.1424,insulator-direct_spin-polarized
Ca12Fe8O48Si12,2.3958,4.14254,insulator-direct_spin-polarized
Ca12Fe8O48Si12,2.3952,4.14173,insulator-direct_spin-polarized
Ca12Fe8O48Si12,2.3953,4.14186,insulator-direct_spin-polarized
Ca12Fe8O48Si12,2.3955,4.14213,insulator-direct_spin-polarized
Ca12Fe8O48Si12,2.3954,4.142,insulator-direct_spin-polarized
Ca12Fe8O48Si12,2.3956,4.14227,insulator-direct_spin-polarized
Ca12Fe8O48Si12,2.3954,4.142,insulator-direct_spin-polarized
Ca12Fe8O48Si12,2.3947,4.14106,insulator-direct_spin-polarized
Ca12Fe8O48Si12,2.3959,4.14267,insulator-direct_spin-polarized
Ca12Fe8O48Si12,2.3957,4.1424,insulator-direct_spin-polarized
Ca12Fe8O48Si12,2.3964,4.14335,insulator-direct_spin-polarized
Ca12Fe8O48Si12,2.3954,4.142,insulator-direct_spin-polarized
Ca12Fe8O48Si12,2.3953,4.14186,insulator-direct_spin-polarized
Ca12Fe8O48Si12,2.3946,4.14092,insulator-direct_spin-polarized
Ca12Fe8O48Si12,2.3927,4.13836,insulator-direct_spin-polarized
Ca12Fe8O48Si12,2.3955,4.14213,insulator-direct_spin-polarized
Ca12Ga8O48Si12,4.3289,6.74836,insulator-direct
Ca3Ga4Ni4,0,0,metal
Ca12Ge12O48Sc8,3.4351,5.54351,insulator-indirect
Ca12Ge12O48Y8,3.2159,5.24803,insulator-direct
Ca3Hg1,0,0,metal
Ca12I12P4,2.1567,3.82023,insulator-indirect
Ca12In8O48Si12,3.7776,6.0052,insulator-indirect
Ca3Ir4Si4,0,0,metal
Ca12Mn8O48Si12,0,0,half-metal
Ca24N16,1.1156,2.41683,insulator-indirect
Ca24N16,1.1118,2.41171,insulator-indirect
Ca24N16,1.1141,2.41481,insulator-indirect
Ca24N16,1.1076,2.40604,insulator-indirect
Ca24N16,1.1167,2.41831,insulator-indirect
Ca12O48Sc8Si12,4.2268,6.61073,insulator-direct
Ca12O48Sc8Si12,4.2265,6.61032,insulator-direct
Ca12O48Sc8Si12,4.2271,6.61113,insulator-direct
Ca12O48Si12V8,0,0,half-metal
Ca12O48Si12V8,0,0,half-metal
Ca12O48Si12V8,0,0,half-metal
Ca12O48Te8Zn12,2.145,3.80446,insulator-indirect
Ca12O48Te8Zn12,2.4613,4.23083,insulator-direct
Ca24Li12Mo8N32O6,2.3778,4.11827,insulator-indirect
Ca24Li12N32O6Re8,0,0,metal
Ca24Li12N32O6W8,2.6632,4.50299,insulator-indirect
Ca34Hg18Li12,0,0,metal
Cd1Cu3O12Ti4,1.2153,2.55122,insulator-indirect_spin-polarized
Cd12Ge12O48Sc8,2.293,4.00396,insulator-indirect
Cd24N16,0,0,metal
Cd24P16,0.1326,1.09174,insulator-direct
Cd4La6Pd13,0,0,metal
Cd4N12P6S1,3.0686,5.04947,insulator-indirect
Cd4Pd13Pr6,0,0,metal
Ce1Cu3Mn4O12,0,0,half-metal
Ce1Cu3Mn4O12,0,0,half-metal
Ce1Fe4P12,0.5849,1.70145,insulator-indirect
Ce1Fe4P12,0.5863,1.70333,insulator-indirect
Ce1Fe4Sb12,0,0,half-metal
Ce1Ge12Pt4,0,0,metal
Ce1Os4P12,0.3337,1.36283,insulator-indirect
Ce1Os4Sb12,0.1165,1.07004,insulator-direct
Ce1P12Ru4,0.3465,1.38008,insulator-indirect
Ce1P12Ru4,0.3447,1.37766,insulator-indirect
Ce1Ru4Sb12,0,0,metal
Ce1,0,0,metal
Ce16O24,2.8837,4.80023,insulator-indirect
Ce16O24,2.8751,4.78863,insulator-indirect
Ce16O24,2.98,4.93004,insulator-indirect
Ce6Cu6Sb8,0,0,metal
Ce6Ni12Si4,0,0,metal
Ce6Ni12Si4,0,0,metal
Ce6Pt6Sb8,0.4417,1.50841,insulator-indirect
Ce6S8,0,0,metal
Ce6S8,0,0,metal
Ce6S8,0,0,metal
Ce6Se8,0,0,metal
Ce6Te8,0,0,half-metal
Ce6Te8,0,0,half-metal
Ce6Te8,0,0,half-metal
Ce6Te8,0,0,half-metal
Ce6Te8,0,0,half-metal
Ce4Pd12Sn25,0,0,metal
Ce4Pt12Sn25,0,0,metal
Ce4Rh12Si1,0,0,metal
Ce8Sb6,0,0,metal
Ce8Sb6,0,0,metal
Ce8Sb6,0,0,metal
Ce8Sb6,0,0,metal
Ce8Sb6,0,0,metal
Ce8Sb6,0,0,metal
Ce6Ni6P17,0,0,metal
Ce6P17Pd6,0,0,metal
Cl4Cu4H12N4,2.3612,4.0959,insulator-indirect
Cl4Hg6S4,1.9096,3.48714,insulator-indirect
Cl4Hg6S4,1.924,3.50655,insulator-direct
Cl4Hg6S4,1.906,3.48229,insulator-indirect
Cl4Hg6Se4,1.7767,3.30799,insulator-indirect
Cl4Hg6Te4,1.8789,3.44576,insulator-indirect
Cl15Co1Zr6,1.0319,2.304,insulator-direct
Cl15Ni1Zr6,0,0,metal
Co1Fe7,0,0,metal
Co1Ga12U4,0,0,metal
Co4N12,0,0,metal
Co4N12,0,0,metal
Co4P12,0,0,metal
Co4P12,0,0,metal
Co4P12,0,0,metal
Co4P12,0,0,metal
Co4Sb12,0.1534,1.11978,insulator-direct
Co4Sb12,0.1509,1.11641,insulator-direct
Co4Sb12,0.1528,1.11897,insulator-direct
Co4Sb12,0.1592,1.1276,insulator-direct
Co4Sb12,0.147,1.11116,insulator-direct
Co4Sb12,0.1516,1.11736,insulator-direct
Co4Sb12,0.1517,1.11749,insulator-direct
Co4Sb12,0.1492,1.11412,insulator-direct
Co4Sb12,0.152,1.1179,insulator-direct
Co4Sb12,0.1535,1.11992,insulator-direct
Co4Sb12,0.1473,1.11156,insulator-direct
Co4Sb12,0.1461,1.10994,insulator-direct
Co4Sb12,0.1508,1.11628,insulator-direct
Co4Sb12,0.152,1.1179,insulator-direct
Co4Sb12,0.1484,1.11304,insulator-direct
Co4U4,0,0,metal
Co3Fe5,0,0,metal
Co6Sb8Th6,0,0,metal
Co6Sb8U6,0.3888,1.4371,insulator-direct
Co6Sb8U6,0.3406,1.37213,insulator-direct
Co4Nd1P12,0,0,metal
Co4P12Pr1,0,0,metal
Co4P12Yb1,0,0,metal
Co4Sb12Sn1,0,0,metal
Co6Nd12Sn1,0,0,metal
Co7Ge6Hf4,0,0,metal
Co7Ge6Sc4,0,0,metal
Co7Ge6Ti4,0,0,metal
Co7Ge6Zr4,0,0,metal
Co7Ge6Zr4,0,0,metal
Cr1Dy4Ga12,0,0,metal
Cr1Ga4,0,0,metal
Cr1,0,0,metal
Cr1,0,0,metal
Cr1,0,0,metal
Cr1,0,0,metal
Cr1,0,0,metal
Cr1,0,0,metal
Cr1,0,0,metal
Cr1,0,0,metal
Cr1,0,0,metal
Cr1,0,0,metal
Cr8Fe12O48Si12,3.0148,4.97695,insulator-indirect_spin-polarized
Cr8Fe12O48Si12,3.0087,4.96873,insulator-indirect_spin-polarized
Cr8Ge12Mn12O48,2.0759,3.71131,insulator-direct
Cr8Mg12O48Si12,3.3969,5.49202,insulator-indirect
Cr8Mg12O48Si12,3.3926,5.48622,insulator-indirect
Cr8Mn12O48Si12,2.8646,4.77448,insulator-indirect
Cr8Mn12O48Si12,2.8681,4.7792,insulator-indirect
Cs1,0,0,metal
Cs1,0,0,metal
Cs1,0,0,metal
Cs1,0,0,metal
Cs1,0,0,metal
Cs6Hg81,0,0,metal
Cs6F6H24N8,4.8489,7.44932,insulator-direct
Cs18O6Tl8,0,0,half-metal
Cu1,0,0,metal
Cu3Dy1Mn4O12,0,0,half-metal
Cu6Dy6Sb8,0.2605,1.26415,insulator-indirect
Cu6Er6Sb8,0.3048,1.32387,insulator-indirect
Cu3Eu1Mn4O12,0,0,metal
Cu3Fe4La1O12,0,0,metal
Cu3Fe4La1O12,0,0,metal
Cu3Fe4O12Sr1,0,0,half-metal
Cu3Fe4O12Sr1,0,0,half-metal
Cu3Fe4O12Sr1,0,0,half-metal
Cu3Fe4O12Sr1,0,0,half-metal
Cu12Ga32V8,0,0,metal
Cu12Ga32W8,0,0,metal
Cu6Gd6Sb8,0,0,half-metal
Cu3Ho1Mn4O12,0,0,half-metal
Cu6Ho6Sb8,0.2881,1.30136,insulator-indirect
Cu3La1O12Ru4,0,0,half-metal
Cu6La6Sb8,0.1482,1.11277,insulator-indirect
Cu3Mn4O12Pr1,0,0,metal
Cu3Mn4O12Th1,0,0,half-metal
Cu3Mn4O12Y1,0,0,half-metal
Cu3Mn4O12Y1,0,0,half-metal
Cu3Mn4O12Yb1,0,0,half-metal
Cu3Na1O12Ru4,0,0,half-metal
Cu3Na1O12Ru4,0,0,half-metal
Cu3Nd1O12Ru4,0,0,half-metal
Cu3Nd1O12Ru4,0,0,half-metal
Cu6Nd6Sb8,0.0529,0.984309,insulator-indirect_spin-polarized
Cu6Nd6Sb8,0.0218,0.942386,insulator-indirect_spin-polarized
Cu12O24Te4,0.6152,1.74229,insulator-direct_spin-polarized
Cu12O24Te4,0.62,1.74876,insulator-direct_spin-polarized
Cu12O24Te4,0.6068,1.73097,insulator-direct_spin-polarized
Cu3O12Pb1Sn4,0.9611,2.20856,insulator-direct
Cu3O12Ru4Sr1,0,0,half-metal
Cu3O12Sn4Sr1,0.6554,1.79648,insulator-direct
Cu6Pr6Sb8,0.0917,1.03661,insulator-indirect
Cu12S12Sb4,0.7077,1.86698,insulator-direct
Cu12S12Sb4,0,0,metal
Cu6Sb8Tb6,0.2379,1.23369,insulator-indirect
Cu6Sb8U6,0,0,half-metal
Cu6Sb8U6,0.0208,0.941038,insulator-indirect_spin-polarized
Cu6Sb8Y6,0.2728,1.28073,insulator-indirect
Cu6Sn8U6,0,0,metal
Cu10Zn16,0,0,metal
Cu10Zn16,0,0,metal
Cu10Zn16,0,0,metal
Cu10Zn16,0,0,metal
Cu10Zn16,0,0,metal
Cu10Zn16,0,0,metal
Cu12Ga42Li26,0,0,metal
Cu12S13Sb4,0,0,half-metal
Cu12S13Sb4,0,0,half-metal
Cu12S13Sb4,0,0,half-metal
Cu12S13Sb4,0,0,half-metal
Cu30Si8,0,0,metal
Cu30Si8,0,0,metal
Dy1,0,0,metal
Dy16N24,0,0,half-metal
Dy16O24,3.9236,6.20201,insulator-indirect
Dy16O24,3.9303,6.21104,insulator-indirect
Dy16O24,3.929,6.20929,insulator-indirect
Dy16O24,3.9311,6.21212,insulator-indirect
Dy16O24,3.9262,6.20552,insulator-indirect
Dy16O24,3.9277,6.20754,insulator-indirect
Dy16O24,3.9276,6.2074,insulator-indirect
Dy16O24,3.9255,6.20457,insulator-indirect
Dy16O24,3.9236,6.20201,insulator-indirect
Dy16O24,3.9278,6.20767,insulator-indirect
Dy16O24,3.9277,6.20754,insulator-indirect
Dy16O24,3.9245,6.20323,insulator-indirect
Dy12Fe20O48,1.682,3.18034,insulator-direct_spin-polarized
Dy6Ga4Ni12,0,0,metal
Dy12Ga20O48,3.4123,5.51278,insulator-direct
Dy6Ni12Si4,0,0,metal
Dy6S8,0,0,metal
Dy6Se8,0,0,metal
Dy6Se8,0,0,metal
Dy4Fe1Ga12,0,0,metal
Dy4Ga12Ni1,0,0,metal
Dy4Ga12Pd1,0,0,metal
Dy4Ge6Ir7,0,0,metal
Dy4Ge6Rh7,0,0,metal
Dy4Ni12Sn25,0,0,metal
Dy8Sb6,0,0,metal
Dy8Sb6,0,0,metal
Dy8Sb6,0,0,metal
Dy5Mg24,0,0,metal
Dy5Mg24,0,0,metal
Dy6Fe16O1,0,0,metal
Er1,0,0,metal
Er16O24,3.9686,6.26267,insulator-indirect
Er16O24,3.9664,6.25971,insulator-indirect
Er16O24,3.9685,6.26254,insulator-indirect
Er16O24,3.9665,6.25984,insulator-indirect
Er16O24,3.9644,6.25701,insulator-indirect
Er16O24,3.9615,6.2531,insulator-indirect
Er16O24,3.9657,6.25876,insulator-indirect
Er16O24,3.9582,6.24865,insulator-indirect
Er16O24,3.9598,6.25081,insulator-indirect
Er16O24,3.9603,6.25148,insulator-indirect
Er16O24,3.9761,6.27278,insulator-indirect
Er16O24,3.9639,6.25634,insulator-indirect
Er16O24,3.9699,6.26443,insulator-indirect
Er16O24,3.9685,6.26254,insulator-indirect
Er16O24,3.9735,6.26928,insulator-indirect
Er16O24,3.9627,6.25472,insulator-indirect
Er16O24,3.9588,6.24946,insulator-indirect
Er16O24,3.9709,6.26577,insulator-indirect
Er16O24,3.9664,6.25971,insulator-indirect
Er12Fe20O48,0,0,half-metal
Er6Ga4Ni12,0,0,metal
Er12Ga20O48,3.4546,5.5698,insulator-direct
Er6Ni12Si4,0,0,metal
Er12Ru8,0,0,metal
Er4Fe1Ga12,0,0,metal
Er4Ga12Ni1,0,0,metal
Er4Ga12Pd1,0,0,metal
Er4Ge6Ir7,0,0,metal
Er4Ge6Os7,0,0,metal
Er4Ge6Rh7,0,0,metal
Er8Sb6,0,0,metal
Er5Mg24,0,0,metal
Er5Mg24,0,0,metal
Er5Mg24,0,0,metal
Er5Mg24,0,0,metal
Eu1Mn28,0,0,metal
Eu1Fe4P12,0,0,metal
Eu1Ge12Pt4,0,0,metal
Eu1Na10Sn12,0.6486,1.78731,insulator-indirect
Eu1Os4Sb12,0,0,metal
Eu1P12Ru4,0,0,metal
Eu1Ru4Sb12,0,0,metal
Eu1Ru4Sb12,0,0,metal
Eu1Ru4Sb12,0,0,metal
Eu1,0,0,metal
Eu1,0,0,metal
Eu1,0,0,metal
Eu1,0,0,metal
Eu1,0,0,metal
Eu1,0,0,metal
Eu1,0,0,metal
Eu3Ga4Ni4,0,0,metal
Eu6Ni12Si4,0,0,metal
Eu6O24Sb10,0,0,half-metal
Eu6S8,0,0,half-metal
Eu6S8,0,0,half-metal
Eu6S8,0,0,half-metal
Eu6S8,0,0,half-metal
Eu6S8,0,0,half-metal
Eu6S8,0,0,half-metal
Eu6S8,0,0,half-metal
Eu6S8,0,0,half-metal
F4Hg6S4,1.8314,3.38173,insulator-indirect
F4Ge1,5.2736,8.02181,insulator-indirect
F4Si1,7.7111,11.3076,insulator-indirect
F4Si1,7.7039,11.2979,insulator-indirect
F4Si1,7.6934,11.2837,insulator-indirect
F4Si1,7.6871,11.2752,insulator-indirect
F24H12O4Sb4,4.6581,7.19212,insulator-indirect
F24K4Sb4,4.9347,7.56498,insulator-indirect
F24K4Sb4,4.9355,7.56605,insulator-indirect
F6Mo1,4.1005,6.44047,insulator-indirect
F24O8Pt4,0,0,metal
F24O8Pt4,0,0,metal
F24O8Ru4,0,0,metal
F24O8Sb4,1.3621,2.74911,insulator-indirect
F6S1,5.7912,8.71954,insulator-direct
F6S1,5.7044,8.60253,insulator-direct
F18U4,0,0,half-metal
F18U4,0,0,half-metal
F18U4,0,0,half-metal
F18U4,0,0,half-metal
F18U4,0,0,half-metal
F48Fe8Li12Na12,3.7765,6.00372,insulator-direct_spin-polarized
F12P4Pt1,4.9912,7.64114,insulator-direct
F15Nb6,0,0,metal
F15Nb6,0,0,metal
Fe1Ga6Ge6Tb4,0,0,metal
Fe1Ga12Ho4,0,0,metal
Fe1Ga12Ho4,0,0,metal
Fe1Ga12Tb4,0,0,metal
Fe1Ga12U4,0,0,metal
Fe1Ga12Y4,0,0,metal
Fe1,0,0,metal
Fe1,0,0,metal
Fe1,0,0,metal
Fe1,0,0,metal
Fe1,0,0,metal
Fe1,0,0,metal
Fe1,0,0,metal
Fe1,0,0,metal
Fe1,0,0,metal
Fe1,0,0,metal
Fe1,0,0,metal
Fe1,0,0,metal
Fe1,0,0,metal
Fe1,0,0,metal
Fe1,0,0,metal
Fe1,0,0,metal
Fe1,0,0,metal
Fe1,0,0,metal
Fe1,0,0,metal
Fe1,0,0,metal
Fe1,0,0,metal
Fe1,0,0,metal
Fe1,0,0,metal
Fe1,0,0,metal
Fe1,0,0,metal
Fe1,0,0,metal
Fe1,0,0,metal
Fe8Ge12Mn12O48,1.8991,3.47299,insulator-indirect_spin-polarized
Fe8Mg12O48Si12,2.4566,4.2245,insulator-direct_spin-polarized
Fe8Mg12O48Si12,2.4558,4.22342,insulator-direct_spin-polarized
Fe8Mg12O48Si12,2.4559,4.22355,insulator-direct_spin-polarized
Fe8Mn12O48Si12,0,0,half-metal
Fe8Mn12O48Si12,0,0,metal
Fe16O24,0,0,half-metal
Fe12Mn8O48Si12,0,0,half-metal
Fe12O48Si12V8,1.5011,2.93648,insulator-direct
Fe4La1P12,0,0,metal
Fe4La1P12,0,0,metal
Fe4La1Sb12,0,0,metal
Fe4La1Sb12,0,0,metal
Fe4Na1Sb12,0,0,metal
Fe4Na1Sb12,0,0,metal
Fe4Na1Sb12,0,0,metal
Fe4Na1Sb12,0,0,metal
Fe4Nd1P12,0,0,metal
Fe4Nd1P12,0,0,metal
Fe4Nd1Sb12,0,0,metal
Fe4P12Pr1,0,0,metal
Fe4P12Pr1,0,0,metal
Fe4P12Tb1,0,0,metal
Fe4P12Th1,0.0348,0.95991,insulator-indirect
Fe4P12U1,0,0,metal
Fe4P12U1,0,0,metal
Fe4P12U1,0,0,metal
Fe4P12Yb1,0,0,metal
Fe4Sb12Sr1,0,0,metal
Fe20Nd12O48,1.7411,3.26,insulator-direct_spin-polarized
Fe20O48Pr12,0,0,half-metal
Fe20O48Pr12,0,0,half-metal
Fe20O48Si12,1.9171,3.49725,insulator-indirect
Fe20O48Si12,1.9162,3.49604,insulator-indirect
Fe20O48Si12,1.9058,3.48202,insulator-indirect
Fe20O48Tb12,1.6824,3.18088,insulator-direct_spin-polarized
Fe20O48Tb12,1.6824,3.18088,insulator-direct_spin-polarized
Fe20O48Y12,0,0,half-metal
Fe20O48Y12,0,0,half-metal
Fe20O48Y12,0,0,half-metal
Fe20O48Y12,0,0,half-metal
Fe20O48Y12,0,0,half-metal
Fe20O48Y12,0,0,half-metal
Fe20O48Y12,0,0,half-metal
Fe20O48Y12,0,0,half-metal
Fe20O48Y12,0,0,half-metal
Fe20O48Y12,0,0,half-metal
Fe20O48Y12,0,0,half-metal
Fe20O48Y12,0,0,half-metal
Fe20O48Yb12,0,0,half-metal
Fe20Si12,0,0,metal
Fe16Ho6O1,0,0,metal
Fe16O1Y6,0,0,metal
Ga4I12La12,0,0,metal
Ga8Li24N16,2.4745,4.24863,insulator-direct
Ga8Li24N16,2.4763,4.25105,insulator-direct
Ga8Li24N16,2.4767,4.25159,insulator-direct
Ga6,0,0,metal
Ga4Ho6Ni12,0,0,metal
Ga4Nd6Ni12,0,0,metal
Ga4Ni12Tb6,0,0,metal
Ga4Ni12Y6,0,0,metal
Ga12Na12O48Te8,1.8954,3.468,insulator-direct
Ga24Ni24Zn8,0,0,metal
Ga4Mn1,0,0,metal
Ga4Mn1,0,0,metal
Ga32Ni24,0,0,metal
Ga20Gd12O48,3.254,5.29939,insulator-direct
Ga20Gd12O48,3.2514,5.29589,insulator-direct
Ga20Gd12O48,3.2537,5.29899,insulator-direct
Ga20Ho12O48,3.4313,5.53839,insulator-direct
Ga10Mn16,0,0,metal
Ga20Nd12O48,3.045,5.01766,insulator-direct
Ga20O48Tb12,3.3872,5.47895,insulator-direct
Ga20O48Tb12,3.3862,5.4776,insulator-direct
Ga20O48Tb12,3.3851,5.47611,insulator-direct
Ga20O48Y12,3.4648,5.58355,insulator-direct
Ga20O48Y12,3.4648,5.58355,insulator-direct
Ga20O48Y12,3.4646,5.58328,insulator-direct
Ga20O48Y12,3.4649,5.58369,insulator-direct
Ga20O48Yb12,0.521,1.61531,insulator-direct
Ga6Ge6Mn1Y4,0,0,metal
Ga6Ge6Mn1Y4,0,0,metal
Ga14Ni6,0,0,metal
Ga14Pd6,0,0,metal
Ga14Pt6,0,0,metal
Ga12Gd4Pd1,0,0,metal
Ga12Ho4Ni1,0,0,metal
Ga12Ho4Pd1,0,0,metal
Ga12Lu4Pd1,0,0,metal
Ga12Ni1Tm4,0,0,metal
Ga12Pd1Tb4,0,0,metal
Ga12Pd1Tb4,0,0,metal
Ga24Pd2Tm8,0,0,metal
Ga12Pd1U4,0,0,metal
Ga12Pd1Y4,0,0,metal
Ga12Pd1Y4,0,0,metal
Ga12Pt1Tb4,0,0,metal
Ga12Pt1Y4,0,0,metal
Ga12Rh1U4,0,0,metal
Gd1,0,0,metal
Gd16O24,3.6128,5.78305,insulator-indirect
Gd16O24,3.6193,5.79182,insulator-indirect
Gd16O24,3.6154,5.78656,insulator-indirect
Gd16O24,3.6181,5.7902,insulator-indirect
Gd16O24,3.6224,5.796,insulator-indirect
Gd16O24,3.6101,5.77941,insulator-indirect
Gd16O24,3.6195,5.79209,insulator-indirect
Gd16O24,3.6157,5.78696,insulator-indirect
Gd16O24,3.6159,5.78723,insulator-indirect
Gd16O24,3.6128,5.78305,insulator-indirect
Gd16O24,3.6189,5.79128,insulator-indirect
Gd16O24,3.6128,5.78305,insulator-indirect
Gd16O24,3.616,5.78737,insulator-indirect
Gd16O24,3.6151,5.78615,insulator-indirect
Gd16O24,3.6132,5.78359,insulator-indirect
Gd16O24,3.618,5.79006,insulator-indirect
Gd16O24,3.6143,5.78508,insulator-indirect
Gd16O24,3.6152,5.78629,insulator-indirect
Gd16O24,3.6119,5.78184,insulator-indirect
Gd16O24,3.6162,5.78764,insulator-indirect
Gd12I12Si4,0,0,metal
Gd6Ni12Si4,0,0,metal
Gd6O24Sb10,3.0954,5.0856,insulator-indirect
Gd6O24Sb10,3.0979,5.08897,insulator-indirect
Gd6O24Sb10,3.1009,5.09301,insulator-indirect
Gd6S8,0,0,metal
Gd6S8,0,0,metal
Gd6Se8,0,0,metal
Gd8Sb6,0,0,half-metal
Gd8Sb6,0,0,half-metal
Gd8Sb6,0,0,half-metal
Ge4I12La12,0,0,metal
Ge8,0,0,metal
Ge1,0,0,metal
Ge6La8,0,0,metal
Ge6N8,1.5553,3.00954,insulator-indirect
Ge6O24Sb8,3.2317,5.26933,insulator-indirect
Ge12O48Sr12Y8,3.1104,5.10582,insulator-direct
Ge6Pr8,0,0,metal
Ge8Li30,0,0,metal
Ge8Li30,0,0,metal
Ge8Li30,0,0,metal
Ge6Ho4Ir7,0,0,metal
Ge6Ho4Rh7,0,0,metal
Ge6Ir7Lu4,0,0,metal
Ge6Ir7Mn4,0,0,metal
Ge6Ir7Mn4,0,0,metal
Ge6Ir7Sc4,0,0,metal
Ge6Ir7Tb4,0,0,metal
Ge6Ir7Tm4,0,0,metal
Ge6Ir7Y4,0,0,metal
Ge6Ir7Yb4,0,0,metal
Ge6Ir7Yb4,0,0,metal
Ge6Lu4Os7,0,0,metal
Ge6Lu4Rh7,0,0,metal
Ge6Lu4Ru7,0,0,metal
Ge6Os7Sc4,0,0,metal
Ge6Os7U4,0,0,metal
Ge6Os7Yb4,0,0,metal
Ge6Rh7Sc4,0,0,metal
Ge6Rh7Yb4,0,0,metal
Ge6Rh7Yb4,0,0,metal
Ge6Ru7Sc4,0,0,metal
Ge6Ru7U4,0,0,metal
Ge6Tc7U4,0,0,metal
Ge14Ir6,0,0,metal
Ge4Na3Pt4,0,0,metal
Ge12La1Pt4,0,0,metal
Ge12Nd1Pt4,0,0,metal
Ge12Pr1Pt4,0,0,metal
H1,,,
H24N10Rb6,2.1076,3.75404,insulator-direct
H30Th8,0,0,metal
H30Th8,0,0,metal
H30Th8,0,0,metal
H30Th8,0,0,metal
He1,17.2832,24.2108,insulator-indirect
He1,17.42,24.3952,insulator-indirect
Hf5Re24,0,0,metal
Hf4O32Te12,3.8507,6.10374,insulator-indirect
Hf1,0,0,metal
Hf1,0,0,metal
Hf1,0,0,metal
Hf6N8,1.0245,2.29403,insulator-direct
Hf5Re24,0,0,metal
Hg24O48Te8,0.6031,1.72598,insulator-direct
Hg24O48Te8,1.1426,2.45322,insulator-direct
Hg24O48Te8,1.1426,2.45322,insulator-direct
Hg4Ni1,0,0,metal
Hg4Ni1,0,0,metal
Hg4Pt1,0,0,metal
Hg4Pt1,0,0,metal
Hg4Pt1,0,0,metal
Hg4Pt1,0,0,metal
Hg4Pt1,0,0,metal
Hg4Pt1,0,0,metal
Hg18Li12Sr34,0,0,metal
Ho1,0,0,metal
Ho16N24,0,0,half-metal
Ho16O24,3.9518,6.24003,insulator-indirect
Ho16O24,3.9492,6.23652,insulator-indirect
Ho16O24,3.9489,6.23612,insulator-indirect
Ho16O24,3.9506,6.23841,insulator-indirect
Ho16O24,3.9468,6.23329,insulator-indirect
Ho16O24,3.9447,6.23046,insulator-indirect
Ho16O24,3.9425,6.22749,insulator-indirect
Ho16O24,3.9397,6.22372,insulator-indirect
Ho16O24,3.9488,6.23598,insulator-indirect
Ho16O24,3.9502,6.23787,insulator-indirect
Ho16O24,3.9424,6.22736,insulator-indirect
Ho16O24,3.9532,6.24191,insulator-indirect
Ho16O24,3.944,6.22951,insulator-indirect
Ho16O24,3.945,6.23086,insulator-indirect
Ho16O24,3.9469,6.23342,insulator-indirect
Ho6Ni12Si4,0,0,metal
Ho8Sb6,0,0,metal
Ho8Sb6,0,0,metal
Ho5Mg24,0,0,metal
Ho8Mg12Zn61,0,0,metal
I1K1O3,0,0,metal
I12La12P4,0,0,metal
I12La12Pb4,0,0,metal
I12La12Sb4,0,0,metal
I12Pr12Pt4,0,0,metal
In16O24,1.1117,2.41157,insulator-indirect
In16O24,1.1144,2.41521,insulator-indirect
In16O24,1.1209,2.42397,insulator-indirect
In16O24,1.1144,2.41521,insulator-indirect
In16O24,1.1213,2.42451,insulator-indirect
In16O24,1.1195,2.42209,insulator-indirect
In16O24,1.1119,2.41184,insulator-indirect
In16O24,1.1213,2.42451,insulator-indirect
In16O24,1.1149,2.41589,insulator-indirect
In16O24,1.1166,2.41818,insulator-indirect
In16O24,1.1149,2.41589,insulator-indirect
In16O24,1.1161,2.4175,insulator-indirect
In16O24,1.1191,2.42155,insulator-indirect
In16O24,1.1155,2.41669,insulator-indirect
In16O24,1.1202,2.42303,insulator-indirect
In16O24,1.1201,2.42289,insulator-indirect
In12O32P8,3.1027,5.09544,insulator-direct
In5Na24O15,0,0,metal
In14Pd6,0,0,metal
In14Pt6,0,0,metal
In14Pt6,0,0,metal
In14Pt6,0,0,metal
Ir4P12,0,0,metal
Ir4P12,0,0,metal
Ir4Sb12,0,0,metal
Ir4Sb12,0,0,metal
Ir4Sb12,0,0,metal
Ir4Sb12,0,0,metal
Ir4Zn22,0,0,metal
Ir6Sb8U6,0,0,metal
Ir6Sn14,0,0,metal
Ir6Sn14,0,0,metal
Ir4Sn4Sr3,0,0,metal
Ir7Sc4Si6,0,0,metal
K1,0,0,metal
K1,0,0,metal
K1,0,0,metal
K1,0,0,metal
K1,0,0,metal
K1,0,0,metal
K4O6Pb4,1.6911,3.1926,insulator-indirect
K4O6Sn4,1.3409,2.72053,insulator-indirect
K3S4Sb1,2.1222,3.77373,insulator-indirect
K4O12Sr1U3,2.9267,4.85819,insulator-indirect
K5Pb24,0,0,metal
La1Os4P12,0,0,metal
La1Os4Sb12,0,0,metal
La1Os4Sb12,0,0,metal
La1P12Ru4,0,0,metal
La1P12Ru4,0,0,metal
La1Ru4Sb12,0,0,metal
La1,0,0,metal
La16O24,3.5256,5.66551,insulator-indirect
La16O24,3.5263,5.66645,insulator-indirect
La16O24,3.5282,5.66901,insulator-indirect
La16O24,3.5281,5.66888,insulator-indirect
La12Li20Nb8O48,3.5429,5.68883,insulator-direct
La12Li20O48Ta8,4.0647,6.39222,insulator-direct
La6S8,0,0,metal
La6S8,0,0,metal
La6S8,0,0,metal
La6S8,0,0,metal
La6S8,0,0,metal
La6S8,0,0,metal
La6S8,0,0,metal
La6Se8,0,0,metal
La6Se8,0,0,metal
La6Se8,0,0,metal
La6Se8,0,0,metal
La6Se8,0,0,metal
La6Te8,0,0,metal
La6Te8,0,0,metal
La6Te8,0,0,metal
La6Te8,0,0,metal
La6Te8,0,0,metal
La6Te8,0,0,metal
La4O19Os6,0,0,half-metal
La4O19Re6,0,0,metal
La4O19Re6,0,0,metal
La4O19Ru6,0,0,half-metal
La8Pb6,0,0,metal
La8Rh6,0,0,metal
La8Rh6,0,0,metal
La8Sb6,0,0,metal
La8Sb6,0,0,metal
La8Sb6,0,0,metal
La8Sb6,0,0,metal
La8Sb6,0,0,metal
La6Ni6P17,0,0,metal
La6P17Pd6,0,0,metal
Li1,0,0,metal
Li1,0,0,metal
Li1,0,0,metal
Li1,0,0,metal
Li1,0,0,metal
Li1,0,0,metal
Li1,0,0,metal
Li1,0,0,metal
Li8,0,0,metal
Li1,0,0,metal
Li1,0,0,metal
Li1,0,0,metal
Li1,0,0,metal
Li1,0,0,metal
Li24N16Sc8,2.1687,3.83641,insulator-indirect
Li12Nb4O16,4.0222,6.33493,insulator-direct
Li12Nb4O16,4.0161,6.3267,insulator-direct
Li12Nd12O48W8,3.2323,5.27014,insulator-direct
Li24Mg6Si8,0,0,metal
Li30Pd8,0,0,metal
Li30Pd8,0,0,metal
,,,
Li30Si8,0,0,metal
Lu1,0,0,metal
Lu16O24,4.0078,6.31551,insulator-indirect
Lu16O24,4.0102,6.31875,insulator-indirect
Mg1,0,0,metal
Mg1,0,0,metal
Mg12Mn8O48Si12,0,0,half-metal
Mg24N16,1.5097,2.94808,insulator-indirect
Mg24N16,1.5137,2.95347,insulator-indirect
Mg24N16,1.5128,2.95225,insulator-indirect
Mg24N16,1.5127,2.95212,insulator-indirect
Mg12O48Si12V8,0,0,half-metal
Mg24P16,1.6116,3.08544,insulator-direct
Mg24P16,1.6031,3.07398,insulator-direct
Mg24P16,1.6126,3.08678,insulator-direct
Mg24Sb16,1.3181,2.6898,insulator-direct
Mg4N12P6S1,4.832,7.42654,insulator-indirect
Mg4N12P6S1,4.8316,7.426,insulator-indirect
Mg4P6Rh7,0,0,metal
Mg24Tb5,0,0,metal
Mg24Y5,0,0,metal
Mg24Y5,0,0,metal
Mg24Y5,0,0,metal
Mg24Y5,0,0,metal
Mn29,0,0,metal
Mn29,0,0,metal
Mn29,0,0,metal
Mn29,0,0,metal
Mn29,0,0,metal
Mn29,0,0,metal
Mn16O24,0,0,half-metal
Mn16O24,0,0,half-metal
Mn16O24,0,0,half-metal
Mn16O24,0,0,half-metal
Mn16O24,0,0,half-metal
Mn16O24,0,0,half-metal
Mn16O24,0,0,half-metal
Mn16O24,0,0,half-metal
Mn16O24,0,0,half-metal
Mn16O24,0,0,half-metal
Mn16O24,0,0,half-metal
Mn12O48Si12V8,0,0,half-metal
Mn20O48Si12,0,0,half-metal
Mn20O48Si12,0,0,half-metal
Mn20O48Si12,0,0,half-metal
Mn7Na1O12,0,0,half-metal
Mn7Na1O12,0,0,half-metal
Mn7O12Pb1,0,0,half-metal
Mn28Yb1,0,0,metal
Mo1,0,0,metal
Mo1,0,0,metal
Mo1,0,0,metal
Mo1,0,0,metal
Mo1,0,0,metal
Mo1,0,0,metal
Mo1,0,0,metal
Mo1,0,0,metal
Mo1,0,0,metal
Mo1,0,0,metal
Mo1,0,0,metal
Mo1,0,0,metal
Mo1,0,0,metal
Mo1,0,0,metal
Mo1,0,0,metal
Mo1,0,0,metal
Mo6Sb14,0,0,metal
Mo6Sb14,0,0,half-metal
Mo6Sb14,0,0,half-metal
Mo6Sb14,0,0,half-metal
Mo6Sb14,0,0,half-metal
Mo6Sb14,0,0,half-metal
Mo6Sb14,0,0,half-metal
Mo6Sb14,0,0,metal
Mo6Sb14,0,0,half-metal
Mo5Re24,0,0,metal
N4,3.971,6.26591,insulator-indirect
N6O12,2.8262,4.72272,insulator-direct
N6O12,0.995,2.25426,insulator-indirect_spin-polarized
N6O12,2.8821,4.79807,insulator-direct
N6O12,2.8109,4.70209,insulator-direct
N6O12,2.8047,4.69374,insulator-direct
N6O12,2.8247,4.7207,insulator-direct_spin-polarized
N16Zn24,0.5708,1.68244,insulator-direct
N10,0,0,metal
N12Rh4,0,0,metal
N12Rh4,0,0,metal
N24Tb16,0,0,half-metal
N24U16,0,0,half-metal
N24U16,0,0,half-metal
N24U16,0,0,half-metal
N8Si6,4.0348,6.35191,insulator-indirect
N8Zr6,0.6969,1.85242,insulator-direct
N12P6S1Zn4,4.5708,7.07444,insulator-indirect
N12O1P6Zn4,3.438,5.54742,insulator-indirect
Na1,0,0,metal
Na1,0,0,metal
Na8,0,0,metal
Na1,0,0,metal
Na1,0,0,metal
Na12O12Sb4,3.0878,5.07535,insulator-indirect
Na3S4Sb1,1.9199,3.50103,insulator-indirect
Na3Sb1Se4,0.9729,2.22447,insulator-direct
Na24O16Pb4,1.4833,2.91249,insulator-direct
Na10Sn12Sr1,0.6649,1.80929,insulator-indirect
Na10Sn12Yb1,0.6786,1.82775,insulator-indirect
Na30Pb8,0,0,metal
Na30Pb8,0,0,metal
Na30Pb8,0,0,metal
Na30Pb8,0,0,metal
Na30Sn8,0,0,metal
Nb1S4Tl3,2.4822,4.25901,insulator-indirect
Nb1Se4Tl3,2.1922,3.86809,insulator-indirect
Nb1,0,0,metal
Nb1,0,0,metal
Nb1,0,0,metal
Nb1,0,0,metal
Nb1,0,0,metal
Nb1,0,0,metal
Nb1,0,0,metal
Nb1,0,0,metal
Nb1,0,0,metal
Nb1,0,0,metal
Nb1,0,0,metal
Nb1,0,0,metal
Nb1,0,0,metal
Nb1,0,0,metal
Nb1,0,0,metal
Nb1,0,0,metal
Nb1,0,0,metal
Nb1,0,0,metal
Nb6Sb4Te10,0.8039,1.99666,insulator-indirect
Nd1Os4P12,0,0,metal
Nd1Os4Sb12,0,0,metal
Nd1Os4Sb12,0,0,metal
Nd1Os4Sb12,0,0,metal
Nd1Os4Sb12,0,0,metal
Nd1P12Ru4,0,0,metal
Nd1Ru4Sb12,0,0,metal
Nd1,0,0,metal
Nd1,0,0,metal
Nd16O24,3.403,5.50024,insulator-indirect
Nd16O24,3.4163,5.51817,insulator-indirect
Nd16O24,3.3963,5.49121,insulator-indirect
Nd6Ni12Si4,0,0,metal
Nd6O24Sb10,3.1023,5.0949,insulator-indirect
Nd6O24Sb10,3.1204,5.1193,insulator-indirect
Nd6S8,0,0,metal
Nd6S8,0,0,metal
Nd6S8,0,0,metal
Nd6Se8,0,0,metal
Nd6Te8,0,0,metal
Nd6Te8,0,0,metal
Nd6Te8,0,0,metal
Nd6Te8,0,0,metal
Nd4O19Os6,0,0,half-metal
Nd8Sb6,0,0,half-metal
Nd8Sb6,0,0,metal
Ni4P12,0,0,metal
Ni4P12,0,0,metal
Ni1,0,0,metal
Ni4Zn22,0,0,metal
Ni4Zn22,0,0,metal
Ni6Pb4S4,0,0,metal
Ni6Sb8U6,0.3442,1.37698,insulator-indirect
Ni6Sb8U6,0.346,1.37941,insulator-indirect
Ni6Sb8U6,0.3447,1.37766,insulator-indirect
Ni6Sb8Zr6,0.2843,1.29624,insulator-indirect
Ni6Sn8Th6,0,0,metal
Ni6Sn8U6,0,0,metal
Ni6Sn8U6,0,0,metal
Ni6Sn8U6,0,0,metal
Ni6P17Pr6,0,0,metal
Ni6Pb1Y12,0,0,metal
Ni12Pr6Si4,0,0,metal
Ni12Si4Tb6,0,0,metal
Ni12Si4Yb6,0,0,metal
O4Ta8,0,0,metal
O24Si12,0,0,metal
O24Si12,4.5555,7.05381,insulator-indirect
O48Si24,4.3006,6.71021,insulator-indirect
O24Si12,5.656,8.53729,insulator-indirect
O16Si8,5.594,8.45371,insulator-indirect
O12Si6,5.4777,8.29694,insulator-direct
O24Pm16,0,0,half-metal
O24Pr16,2.8711,4.78324,insulator-direct
O24Pr16,2.8736,4.78661,insulator-indirect
O24Pr16,2.9113,4.83743,insulator-indirect
O24Pr16,2.8468,4.75049,insulator-direct
O24Pu16,0,0,half-metal
O12Rb8,0,0,half-metal
O12Re4,0,0,metal
O12Re4,0,0,metal
O12Re4,0,0,metal
O12Re4,0,0,metal
O12Re4,0,0,metal
O12Re4,0,0,metal
O12Re4,0,0,metal
O12Re4,0,0,metal
O12Re4,0,0,metal
O12Re4,0,0,metal
O12Re4,0,0,metal
O12Re4,0,0,metal
O12Re4,0,0,metal
O12Re4,0,0,metal
O12Re4,0,0,metal
O12Re4,0,0,metal
O12Re4,0,0,metal
O12Re4,0,0,metal
O24Sc16,4.276,6.67705,insulator-direct
O24Sc16,4.2768,6.67813,insulator-direct
O24Sc16,4.2746,6.67516,insulator-direct
O24Sc16,4.2751,6.67583,insulator-direct
O24Sc16,4.2765,6.67772,insulator-direct
O24Sc16,4.2785,6.68042,insulator-direct
O24Sc16,4.2743,6.67476,insulator-direct
O24Sc16,4.275,6.6757,insulator-direct
O24Sc16,4.2768,6.67813,insulator-direct
O24Sc16,4.2758,6.67678,insulator-direct
O24Sc16,4.2734,6.67354,insulator-direct
O24Sc16,4.2781,6.67988,insulator-direct
O24Sc16,4.2751,6.67583,insulator-direct
O24Tb16,3.9046,6.1764,insulator-indirect
O24Tb16,3.9041,6.17573,insulator-indirect
O24Tb16,3.902,6.1729,insulator-indirect
O24Tb16,3.8995,6.16953,insulator-indirect
O24Tb16,3.9039,6.17546,insulator-indirect
O24Tb16,3.903,6.17424,insulator-indirect
O24Tb16,3.8996,6.16966,insulator-indirect
O24Tl16,0,0,metal
O24Tl16,0,0,metal
O24Tl16,0,0,metal
O24Tl16,0,0,metal
O24Tl16,0,0,metal
O24Tl16,0,0,metal
O24Tl16,0,0,metal
O48V32,0,0,metal
O24Y16,4.055,6.37914,insulator-indirect
O24Y16,4.0607,6.38682,insulator-indirect
O24Y16,4.0608,6.38696,insulator-indirect
O24Y16,4.0551,6.37927,insulator-indirect
O24Y16,4.0561,6.38062,insulator-indirect
O24Y16,4.0563,6.38089,insulator-indirect
O24Y16,4.0607,6.38682,insulator-indirect
O24Y16,4.0543,6.3782,insulator-indirect
O24Y16,4.0605,6.38655,insulator-indirect
O24Y16,4.0567,6.38143,insulator-indirect
O24Y16,4.0593,6.38494,insulator-indirect
O24Y16,4.0602,6.38615,insulator-indirect
O24Y16,4.0583,6.38359,insulator-indirect
O24Y16,4.0596,6.38534,insulator-indirect
O24Y16,4.0564,6.38103,insulator-indirect
O24Y16,4.0627,6.38952,insulator-indirect
O24Y16,4.0595,6.38521,insulator-indirect
O24Y16,4.0596,6.38534,insulator-indirect
O24Y16,4.0552,6.37941,insulator-indirect
O24Y16,4.0558,6.38022,insulator-indirect
O24Y16,4.0521,6.37523,insulator-indirect
O24Y16,4.0554,6.37968,insulator-indirect
O24Y16,4.0626,6.38938,insulator-indirect
O24Y16,4.0618,6.38831,insulator-indirect
O24Y16,4.0587,6.38413,insulator-indirect
O24Y16,4.0531,6.37658,insulator-indirect
O24Y16,4.0531,6.37658,insulator-indirect
O24Y16,4.0597,6.38548,insulator-indirect
O24Y16,4.0574,6.38238,insulator-indirect
O24Y16,4.0591,6.38467,insulator-indirect
O24Y16,4.0625,6.38925,insulator-indirect
O24Y16,4.0576,6.38264,insulator-indirect
O24Yb16,0.4048,1.45867,insulator-indirect
O24Yb16,0.3945,1.44479,insulator-indirect
O24Yb16,0.4022,1.45517,insulator-indirect
O24Yb16,0.3956,1.44627,insulator-indirect
O24Yb16,0.3939,1.44398,insulator-indirect
O24Yb16,0.4062,1.46056,insulator-indirect
O24Yb16,0.4049,1.45881,insulator-indirect
O24Yb16,0.4025,1.45557,insulator-indirect
O24Yb16,0.4014,1.45409,insulator-indirect
O24Yb16,0.4062,1.46056,insulator-indirect
O24Yb16,0.4065,1.46096,insulator-indirect
O24Yb16,0.404,1.45759,insulator-indirect
O24Yb16,0.3943,1.44452,insulator-indirect
O24Yb16,0.3937,1.44371,insulator-indirect
O24Yb16,0.4049,1.45881,insulator-indirect
O24Yb16,0.4046,1.4584,insulator-indirect
O24Yb16,0.4123,1.46878,insulator-indirect
O4Pt3,0,0,metal
O4Pt3,0,0,metal
O12Rb8,0,0,half-metal
O12Rb8,0,0,half-metal
O12Rb8,0,0,half-metal
O32Sn4Te12,2.591,4.40567,insulator-direct
O32Te12Ti4,3.0733,5.05581,insulator-indirect
O32Te12Ti4,3.0641,5.04341,insulator-indirect
O32Te12Zr4,3.6494,5.83239,insulator-direct
O32Te12Zr4,3.6742,5.86582,insulator-indirect
O72P24Sc8,5.5671,8.41745,insulator-indirect
O24Pr6Sb10,0.0355,0.960854,insulator-indirect
O24Pr6Sb10,0,0,half-metal
O24Sb10Yb6,0,0,half-metal
O24Sb10Yb6,0,0,half-metal
O24Sb10Yb6,0,0,half-metal
O72P24Sc8,5.5653,8.41502,insulator-indirect
Os6Sn14,0,0,metal
Os6Sn14,0,0,metal
Os4P12Pr1,0,0,metal
Os4Pr1Sb12,0,0,metal
Os4Pr1Sb12,0,0,metal
Os4Pr1Sb12,0,0,metal
Os4Pr1Sb12,0,0,metal
Os4Pr1Sb12,0,0,metal
Os4Pr1Sb12,0,0,metal
Os4Pr1Sb12,0,0,metal
Os4Pr1Sb12,0,0,metal
Os4Pr1Sb12,0,0,metal
Os4Pr1Sb12,0,0,metal
Os4Pr1Sb12,0,0,metal
Os4Pr1Sb12,0,0,metal
Os4Pr1Sb12,0,0,metal
Os4Pr1Sb12,0,0,metal
Os4Pr1Sb12,0,0,metal
Os4Sb12Sr1,0,0,metal
P16Zn24,0.6706,1.81697,insulator-direct
P12Pd4,0,0,metal
P12Rh4,0,0,metal
P12Rh4,0,0,metal
P12Rh4,0,0,metal
P12Rh4,0,0,metal
P6Ti8,0,0,metal
P8Pa6,0,0,metal
P8Pa6,0,0,metal
P32S72,2.7163,4.57457,insulator-indirect
P8Th6,0.1344,1.09417,insulator-indirect
P8Th6,0.1328,1.09201,insulator-indirect
P8Th6,0.1335,1.09296,insulator-indirect
P8U6,0,0,half-metal
P8U6,0,0,half-metal
P8U6,0,0,half-metal
P12Pr1Ru4,0,0,metal
P12Pr1Ru4,0,0,metal
P12Pr1Ru4,0,0,metal
P12Ru4Tb1,0,0,metal
P12Ru4Th1,0,0,metal
Pa6Sb8,0,0,metal
Pb1,0,0,metal
Pb4Pd6S4,0,0,metal
Pd6Sb8U6,0,0,metal
Pd16S7,0,0,metal
Pd16S7,0,0,metal
Pd16S7,0,0,metal
Pr1Ru4Sb12,0,0,metal
Pr1,0,0,metal
Pr1,0,0,metal
Pr6Pt6Sb8,0,0,metal
Pr6S8,0,0,half-metal
Pr6S8,0,0,metal
Pr6S8,0,0,metal
Pr6Se8,0,0,half-metal
Pr6Se8,0,0,half-metal
Pr6Se8,0,0,half-metal
Pr6Te8,0,0,metal
Pr6Te8,0,0,half-metal
Pr8Sb6,0,0,half-metal
Pt6Sb8U6,0.4585,1.53106,insulator-indirect_spin-polarized
Pt6Sn8U6,0,0,metal
Pu1,0,0,metal
Pu1,0,0,metal
Rb1,0,0,metal
Rb1,0,0,metal
Rb1,0,0,metal
Rb1,0,0,metal
Rb1,0,0,metal
Re24Ti5,0,0,metal
Re24Zr5,0,0,metal
Re7Si6U4,0,0,metal
Re24Sc5,0,0,metal
Re24Ti5,0,0,metal
Re24Ti5,0,0,metal
Re24Zr5,0,0,metal
Re24Zr5,0,0,metal
Rh4Sb12,0,0,metal
Rh4Sb12,0,0,metal
Rh4Sb12,0,0,metal
Rh4Zn22,0,0,metal
Rh6Sb8U6,0,0,metal
Rh6Sb8U6,0,0,metal
Rh7Sb6Yb4,0,0,metal
Rh7Sb6Yb4,0,0,metal
Ru6Sn14,0,0,metal
Ru6Sn14,0,0,metal
Ru6Sn14,0,0,metal
Ru4Sb12Sr1,0,0,metal
S24Yb16,0,0,metal
S24Yb16,0,0,metal
S8Sm6,0,0,half-metal
S8Sm6,0,0,half-metal
S4Ta1Tl3,2.5452,4.34393,insulator-indirect
S4Ta1Tl3,2.5451,4.34379,insulator-indirect
S4Ta1Tl3,2.5452,4.34393,insulator-indirect
S4Tl3V1,2.1102,3.75755,insulator-direct
S4Tl3V1,2.1023,3.7469,insulator-direct
S4Tl3V1,2.1133,3.76173,insulator-direct
S4Tl3V1,2.1015,3.74582,insulator-direct
S4Tl3V1,2.1014,3.74569,insulator-direct
S4Tl3V1,2.1015,3.74582,insulator-direct
Sb1,0,0,metal
Sb6Tl21,0,0,metal
Sb6Tl21,0,0,metal
Sb6Sm8,0,0,half-metal
Sb6Tb8,0,0,metal
Sb6Tb8,0,0,metal
Sb6Y8,0,0,metal
Sb6Yb8,0,0,metal
Sb6Yb8,0,0,metal
Sb6Yb8,0,0,metal
Sb8Th6,0,0,metal
Sb8Th6,0,0,metal
Sb8U6,0,0,metal
Sb8U6,0,0,metal
Sb8U6,0,0,metal
Sb8U6,0,0,metal
Sc12Zn68,0,0,metal
Sc12Zn68,0,0,metal
Se1,0,0,metal
Se1,0,0,metal
Se8Sm6,0,0,half-metal
Se8Sm6,0,0,half-metal
Se4Ta1Tl3,2.2639,3.96474,insulator-indirect
Se4Ta1Tl3,2.2642,3.96514,insulator-indirect
Se4Ta1Tl3,2.2589,3.958,insulator-indirect
Se8Tb6,0,0,metal
Se4Tl3V1,1.7073,3.21444,insulator-indirect
Se4Tl3V1,1.7051,3.21147,insulator-indirect
Se8U6,0,0,metal
Se8U6,0,0,metal
Se8U6,0,0,metal
Se8U6,0,0,metal
Si1V3,0,0,metal
Si1W3,0,0,metal
Si8,0,0,metal
Si8,0,0,metal
Si8,0,0,metal
Si6,0.1466,1.11062,insulator-indirect
Si41,1.1937,2.52211,insulator-indirect
Si8,0,0,metal
Si6Tc7U4,0,0,metal
Sm6Te8,0,0,half-metal
Sm16Sn12,0,0,metal
Sn1,0,0,metal
Sr1,0,0,metal
Sr1,0,0,metal
Sr1,0,0,metal
Sr1,0,0,metal
Ta1,0,0,metal
Ta1,0,0,metal
Ta1,0,0,metal
Ta1,0,0,metal
Ta1,0,0,metal
Ta1,0,0,metal
Ta1,0,0,metal
Ta1,0,0,metal
Ta1,0,0,metal
Ta1,0,0,metal
Ta1,0,0,metal
Tb1,0,0,metal
Te8U6,0,0,metal
Te8U6,0,0,metal
Te8U6,0,0,metal
Te8U6,0,0,metal
Th1,0,0,metal
Ti1,0,0,metal
Ti1,0,0,metal
Ti1,0,0,metal
Ti1,0,0,metal
Ti1,0,0,metal
Tl1,0,0,metal
Tl1,0,0,metal
U1,0,0,metal
U1,0,0,metal
U1,0,0,metal
U1,0,0,metal
U1,0,0,metal
V1,0,0,metal
V1,0,0,metal
V1,0,0,metal
V1,0,0,metal
V1,0,0,metal
V1,0,0,metal
V1,0,0,metal
V1,0,0,metal
V1,0,0,metal
V1,0,0,metal
V1,0,0,metal
V1,0,0,metal
V1,0,0,metal
V1,0,0,metal
V1,0,0,metal
V1,0,0,metal
V1,0,0,metal
V1,0,0,metal
V1,0,0,metal
V1,0,0,metal
W1,0,0,metal
W1,0,0,metal
W1,0,0,metal
W1,0,0,metal
W1,0,0,metal
W1,0,0,metal
W1,0,0,metal
W1,0,0,metal
W1,0,0,metal
W1,0,0,metal
W1,0,0,metal
W1,0,0,metal
W1,0,0,metal
W1,0,0,metal
Yb1,0,0,metal
Yb1,0,0,metal
Yb12Zn68,0,0,metal
Zr1,0,0,metal
Zr1,0,0,metal
Zr1,0,0,metal
Zr1,0,0,metal
